{
    "best_val_acc": 0.6875,
    "test_accuracy": 0.6521739130434783,
    "test_precision": 0.5,
    "test_recall": 0.125,
    "test_f1": 0.2,
    "test_auc": 0.6041666666666667,
    "training_epochs": 50,
    "device": "cuda:0",
    "num_processes": 2
}