{
    "train_loss": [
        0.687905186956579,
        0.6670488119125366,
        0.6388238939371976,
        0.5923969420519742,
        0.5309710042043165,
        0.651118432933634,
        0.5210654871030287,
        0.5078669786453247,
        0.4841458797454834,
        0.41465268351814966,
        0.5157315053723075,
        0.44282922826030036,
        0.4013145376335491,
        0.3975968062877655,
        0.4093740636652166,
        0.38652077317237854,
        0.35197575661269104,
        0.32381207834590564,
        0.33232599767771637,
        0.29492969810962677,
        0.2662790045142174,
        0.2615200105038556,
        0.1835124445232478,
        0.2597933838313276,
        0.18487787077372725,
        0.20787343179637735,
        0.19930566915056921,
        0.17893057519739325,
        0.14303214712576431,
        0.13528131287206302,
        0.13327990506183018,
        0.1131100437857888,
        0.10771658237684857,
        0.14894545857201924,
        0.1446243439885703,
        0.13055752522566103,
        0.07955047217282382,
        0.07160726596008647,
        0.07100932537154718,
        0.0882098034701564,
        0.08372513289478692,
        0.0785339738834988,
        0.06566494889557362,
        0.07837399146096273,
        0.10885000838474794,
        0.07220767353746024,
        0.05439701049842618,
        0.09150932458314029,
        0.1198210475797003,
        0.07603953490880402
    ],
    "val_acc": [
        0.625,
        0.59375,
        0.59375,
        0.65625,
        0.65625,
        0.65625,
        0.65625,
        0.65625,
        0.65625,
        0.65625,
        0.65625,
        0.65625,
        0.65625,
        0.65625,
        0.65625,
        0.65625,
        0.65625,
        0.65625,
        0.65625,
        0.65625,
        0.65625,
        0.65625,
        0.65625,
        0.65625,
        0.6875,
        0.6875,
        0.6875,
        0.6875,
        0.6875,
        0.6875,
        0.6875,
        0.6875,
        0.6875,
        0.6875,
        0.6875,
        0.6875,
        0.6875,
        0.6875,
        0.6875,
        0.6875,
        0.6875,
        0.6875,
        0.6875,
        0.6875,
        0.6875,
        0.6875,
        0.6875,
        0.6875,
        0.6875,
        0.6875
    ],
    "val_loss": [
        1.351868748664856,
        1.3584545850753784,
        1.3667504787445068,
        1.3448331356048584,
        1.3362033367156982,
        1.3257731199264526,
        1.3275690078735352,
        1.3586421012878418,
        1.382394552230835,
        1.3814704418182373,
        1.3934731483459473,
        1.4124428033828735,
        1.4113857746124268,
        1.4020025730133057,
        1.406599760055542,
        1.394244909286499,
        1.4176068305969238,
        1.3937127590179443,
        1.4217770099639893,
        1.4606549739837646,
        1.4722683429718018,
        1.4646167755126953,
        1.4963830709457397,
        1.5100091695785522,
        1.5470359325408936,
        1.4622817039489746,
        1.4727303981781006,
        1.4505152702331543,
        1.502577543258667,
        1.5442497730255127,
        1.543614387512207,
        1.5353405475616455,
        1.5947047472000122,
        1.6363929510116577,
        1.5812383890151978,
        1.6284319162368774,
        1.5565576553344727,
        1.5768225193023682,
        1.6074550151824951,
        1.6051439046859741,
        1.6274397373199463,
        1.6212878227233887,
        1.679306149482727,
        1.633331537246704,
        1.7348681688308716,
        1.6666423082351685,
        1.6335482597351074,
        1.6506634950637817,
        1.6751582622528076,
        1.592861533164978
    ],
    "learning_rate": [
        1e-05,
        9.990133642141359e-06,
        9.960573506572391e-06,
        9.911436253643445e-06,
        9.842915805643156e-06,
        9.755282581475769e-06,
        9.648882429441258e-06,
        9.5241352623301e-06,
        9.381533400219319e-06,
        9.221639627510076e-06,
        9.045084971874738e-06,
        8.852566213878947e-06,
        8.644843137107058e-06,
        8.422735529643445e-06,
        8.18711994874345e-06,
        7.938926261462368e-06,
        7.679133974894984e-06,
        7.408768370508578e-06,
        7.128896457825364e-06,
        6.840622763423391e-06,
        6.545084971874738e-06,
        6.243449435824274e-06,
        5.936906572928625e-06,
        5.626666167821523e-06,
        5.313952597646568e-06,
        5.000000000000001e-06,
        4.686047402353434e-06,
        4.37333383217848e-06,
        4.063093427071378e-06,
        3.7565505641757267e-06,
        3.4549150281252656e-06,
        3.159377236576613e-06,
        2.8711035421746377e-06,
        2.5912316294914237e-06,
        2.3208660251050164e-06,
        2.0610737385376354e-06,
        1.8128800512565517e-06,
        1.5772644703565568e-06,
        1.3551568628929438e-06,
        1.1474337861210547e-06,
        9.549150281252637e-07,
        7.783603724899261e-07,
        6.184665997806825e-07,
        4.7586473766990354e-07,
        3.511175705587435e-07,
        2.447174185242325e-07,
        1.5708419435684526e-07,
        8.856374635655644e-08,
        3.9426493427611196e-08,
        9.86635785864221e-09
    ]
}