{
    "train_loss": [
        0.7444797396659851,
        0.6791868090629578,
        0.7586881697177887,
        0.7043907185395558,
        0.6811533848444621,
        0.6774808049201966,
        0.6894743124643962,
        0.8025964995225271,
        0.7682583073774973,
        0.7245594342549642,
        0.734242715438207,
        0.7365178227424621,
        0.7980581720670065,
        0.7174596071243287,
        0.7591093182563782,
        0.6959002017974854
    ],
    "val_acc": [
        0.375,
        0.3611111111111111,
        0.375,
        0.4722222222222222,
        0.3888888888888889,
        0.6388888888888888,
        0.5277777777777778,
        0.5555555555555556,
        0.5138888888888888,
        0.5,
        0.5,
        0.4722222222222222,
        0.5,
        0.4583333333333333,
        0.5,
        0.4305555555555556
    ],
    "val_loss": [
        1.439841588338216,
        1.6092599232991536,
        1.6893863677978516,
        1.7194786071777344,
        1.6013836330837674,
        1.5539916356404622,
        2.1499572330050998,
        1.9892463684082031,
        1.4915361404418945,
        1.5272854699028864,
        1.3344164954291449,
        2.106230205959744,
        1.8870968288845487,
        1.6922774844699435,
        1.690741433037652,
        1.9173836178249783
    ],
    "learning_rate": [
        0.0001,
        9.938441702975689e-05,
        9.755282581475769e-05,
        9.45503262094184e-05,
        9.045084971874738e-05,
        8.535533905932738e-05,
        7.938926261462366e-05,
        7.269952498697734e-05,
        6.545084971874738e-05,
        5.782172325201156e-05,
        5.000000000000001e-05,
        4.217827674798848e-05,
        3.454915028125264e-05,
        2.730047501302267e-05,
        2.0610737385376356e-05,
        1.464466094067263e-05
    ]
}