{
    "train_loss": [
        0.787766945362091,
        0.7809922337532044,
        0.7106424152851105,
        0.6801916062831879,
        0.7074655254681905,
        0.7844804843266805,
        0.7483681877454121,
        0.7715590020020803,
        0.7812258640925089,
        0.6826480170090993,
        0.7338880976041158,
        0.7033824602762858,
        0.7941338876883189,
        0.7337050755818685,
        0.8147437771161398,
        0.7840488155682882,
        0.7663548469543457,
        0.751497479279836,
        0.7713857094446818,
        0.7136847217877705,
        0.6842887779076894,
        0.724738609790802,
        0.7175322751204173,
        0.7050688703854878,
        0.7048550526301066,
        0.7581460078557333,
        0.6650399963061014,
        0.6743528366088867,
        0.671547536055247,
        0.7321925918261211,
        0.6810716927051544,
        0.732364829381307,
        0.7556805411974589,
        0.7380690018335978,
        0.6980272869269053,
        0.6873696386814118,
        0.7561555087566376,
        0.718135396639506,
        0.7591321249802907,
        0.6224325716495513
    ],
    "val_acc": [
        0.3472222222222222,
        0.3472222222222222,
        0.2916666666666667,
        0.6527777777777778,
        0.6666666666666666,
        0.6666666666666666,
        0.5833333333333334,
        0.5833333333333334,
        0.5,
        0.5138888888888888,
        0.4305555555555556,
        0.4583333333333333,
        0.4305555555555556,
        0.5555555555555556,
        0.3611111111111111,
        0.5833333333333334,
        0.6805555555555556,
        0.5833333333333334,
        0.6111111111111112,
        0.5416666666666666,
        0.5972222222222222,
        0.6388888888888888,
        0.4027777777777778,
        0.4166666666666667,
        0.5277777777777778,
        0.4861111111111111,
        0.4583333333333333,
        0.5,
        0.6388888888888888,
        0.5416666666666666,
        0.4722222222222222,
        0.4166666666666667,
        0.4166666666666667,
        0.5,
        0.5,
        0.5555555555555556,
        0.5138888888888888,
        0.4444444444444444,
        0.5694444444444444,
        0.5
    ],
    "val_loss": [
        1.503675036960178,
        1.721194585164388,
        1.6493522855970595,
        1.5213859346177843,
        1.5341175927056208,
        1.9308403862847223,
        1.841718037923177,
        2.240409427218967,
        3.8078130086263022,
        2.536011166042752,
        1.855648888481988,
        2.378182305230035,
        2.4410069783528647,
        2.130038367377387,
        2.6792708502875433,
        2.79185422261556,
        1.5089971754286025,
        2.3650279574924045,
        1.5193275875515408,
        1.4438050587972004,
        1.373644193013509,
        1.4557444254557292,
        1.697066413031684,
        1.8800650702582464,
        1.5855667326185439,
        1.576325946384006,
        1.661643558078342,
        1.6221049626668294,
        1.4512482749091253,
        1.415535396999783,
        1.5002290937635634,
        1.5683502621120877,
        1.778542200724284,
        1.6076749165852864,
        1.7331215540568035,
        1.6049760182698567,
        1.6395263671875,
        1.6387870576646593,
        1.650520748562283,
        1.5770530700683594
    ],
    "learning_rate": [
        0.0001,
        9.98458666866564e-05,
        9.938441702975689e-05,
        9.861849601988383e-05,
        9.755282581475767e-05,
        9.619397662556432e-05,
        9.455032620941837e-05,
        9.26320082177046e-05,
        9.045084971874737e-05,
        8.802029828000154e-05,
        8.535533905932737e-05,
        8.247240241650918e-05,
        7.938926261462365e-05,
        7.612492823579742e-05,
        7.269952498697731e-05,
        6.913417161825447e-05,
        6.545084971874736e-05,
        6.167226819279526e-05,
        5.7821723252011525e-05,
        5.392295478639223e-05,
        4.999999999999998e-05,
        4.607704521360774e-05,
        4.217827674798845e-05,
        3.832773180720472e-05,
        3.4549150281252616e-05,
        3.08658283817455e-05,
        2.730047501302265e-05,
        2.387507176420255e-05,
        2.061073738537634e-05,
        1.7527597583490816e-05,
        1.464466094067262e-05,
        1.1979701719998447e-05,
        9.549150281252628e-06,
        7.367991782295387e-06,
        5.449673790581608e-06,
        3.806023374435661e-06,
        2.447174185242322e-06,
        1.3815039801161715e-06,
        6.155829702431167e-07,
        1.5413331334360174e-07
    ]
}