{
    "best_val_acc": 0.6805555555555556,
    "test_accuracy": 0.717391304347826,
    "test_precision": 1.0,
    "test_recall": 0.1875,
    "test_f1": 0.3157894736842105,
    "test_auc": 0.5833333333333333,
    "training_epochs": 40,
    "device": "cuda:0",
    "num_processes": 2
}