{
    "train_loss": [
        0.08307955786585808,
        0.11925462633371353
    ],
    "val_acc": [
        1.0,
        1.0
    ],
    "val_loss": [
        0.06313863396644592,
        0.036871932446956635
    ],
    "learning_rate": [
        0.0001,
        5e-05
    ]
}