{
    "train_loss": [
        0.7457451088861986,
        0.5670185048471797,
        0.5042026151310314,
        0.33983223140239716,
        0.3096480704843998,
        0.24558527750725095,
        0.10471260812218217,
        0.038148757131156424,
        0.007969653255052188,
        0.016190938817089773,
        0.01701920605455598,
        0.06296837416981692,
        0.0298967898209784,
        0.011612868076352615,
        0.0022925674236992807,
        0.0017225682562786399,
        6.706309537466123e-05,
        5.492153150302411e-05,
        0.00027975579837661,
        0.0006483890489825874,
        0.002532411219826129,
        0.00031993125804774536,
        7.042603999513568e-05,
        0.0002603434590816275,
        2.837932129683519e-05,
        4.5668393158428763e-05,
        4.1375967986761516e-05,
        7.3960301031855185e-06,
        9.508967891354429e-05,
        0.013036715520622072,
        2.167289371596775e-05,
        6.766331505435698e-06,
        2.5392454995634946e-05,
        2.0938669479406904e-05,
        0.000466814725387091,
        1.1011451461196874e-05,
        3.241962773089827e-05,
        3.914201774855221e-05,
        9.39375653102365e-06,
        0.00020332485229451242,
        5.476586698675719e-05,
        0.00012253401058098296,
        1.0877142942304504e-05,
        9.525293420848351e-06,
        1.313280742796443e-05,
        1.6686622444937107e-05,
        1.619455796906457e-05,
        1.9032695010811164e-05,
        1.1182970897749556e-05,
        0.00011304736182691435
    ],
    "val_acc": [
        0.5833333333333334,
        0.625,
        0.5416666666666666,
        0.625,
        0.4166666666666667,
        0.625,
        0.5833333333333334,
        0.625,
        0.5833333333333334,
        0.625,
        0.625,
        0.5833333333333334,
        0.5,
        0.625,
        0.4583333333333333,
        0.5416666666666666,
        0.4583333333333333,
        0.4583333333333333,
        0.4583333333333333,
        0.5833333333333334,
        0.6666666666666666,
        0.625,
        0.6666666666666666,
        0.5833333333333334,
        0.625,
        0.5833333333333334,
        0.625,
        0.625,
        0.6666666666666666,
        0.5833333333333334,
        0.5833333333333334,
        0.625,
        0.5833333333333334,
        0.5416666666666666,
        0.5833333333333334,
        0.5833333333333334,
        0.5416666666666666,
        0.5416666666666666,
        0.5416666666666666,
        0.625,
        0.5833333333333334,
        0.5833333333333334,
        0.5833333333333334,
        0.5833333333333334,
        0.625,
        0.625,
        0.625,
        0.5833333333333334,
        0.625,
        0.5416666666666666
    ],
    "val_loss": [
        1.3960951169331868,
        1.7611494064331055,
        1.6623293558756511,
        1.8867681821187336,
        1.8718684514363606,
        1.8076082865397136,
        1.5716055234273274,
        2.557020664215088,
        1.9668747584025066,
        3.844872792561849,
        3.476271947224935,
        4.055754661560059,
        4.064853668212891,
        4.170220375061035,
        4.070611953735352,
        4.111586252848308,
        3.050084431966146,
        3.866183280944824,
        4.299257914225261,
        3.4505434036254883,
        3.009963353474935,
        3.495553652445475,
        3.2180709838867188,
        3.338155746459961,
        3.593540827433268,
        3.5515359242757163,
        3.1626065572102866,
        3.221215565999349,
        3.277493476867676,
        3.7357654571533203,
        3.7342872619628906,
        3.6680908203125,
        3.915795644124349,
        3.8510618209838867,
        3.7342456181844077,
        3.6963634490966797,
        4.283119519551595,
        4.27369499206543,
        4.4626156489054365,
        4.353877067565918,
        4.327720006306966,
        4.308599789937337,
        4.356173197428386,
        4.285519282023112,
        4.722661972045898,
        4.198561986287435,
        4.138380368550618,
        4.461318333943685,
        4.264111200968425,
        4.141040166219075
    ],
    "learning_rate": [
        5e-05,
        4.995066821070679e-05,
        4.980286753286195e-05,
        4.955718126821722e-05,
        4.9214579028215776e-05,
        4.877641290737884e-05,
        4.8244412147206284e-05,
        4.762067631165049e-05,
        4.6907667001096584e-05,
        4.610819813755037e-05,
        4.5225424859373677e-05,
        4.426283106939472e-05,
        4.322421568553528e-05,
        4.211367764821721e-05,
        4.0935599743717234e-05,
        3.969463130731183e-05,
        3.839566987447491e-05,
        3.7043841852542874e-05,
        3.564448228912681e-05,
        3.420311381711694e-05,
        3.272542485937368e-05,
        3.121724717912136e-05,
        2.9684532864643112e-05,
        2.8133330839107605e-05,
        2.6569762988232828e-05,
        2.499999999999999e-05,
        2.3430237011767157e-05,
        2.1866669160892387e-05,
        2.0315467135356877e-05,
        1.878275282087862e-05,
        1.7274575140626315e-05,
        1.5796886182883053e-05,
        1.4355517710873178e-05,
        1.295615814745711e-05,
        1.1604330125525074e-05,
        1.030536869268817e-05,
        9.064400256282752e-06,
        7.886322351782778e-06,
        6.775784314464713e-06,
        5.737168930605268e-06,
        4.774575140626313e-06,
        3.891801862449626e-06,
        3.0923329989034086e-06,
        2.379323688349515e-06,
        1.7555878527937151e-06,
        1.2235870926211608e-06,
        7.854209717842252e-07,
        4.428187317827816e-07,
        1.971324671380557e-07,
        4.9331789293210987e-08
    ]
}