{
    "best_val_acc": 0.6875,
    "test_accuracy": 0.4583333333333333,
    "test_precision": 0.35714285714285715,
    "test_recall": 0.5555555555555556,
    "test_f1": 0.43478260869565216,
    "test_auc": 0.5407407407407407,
    "training_epochs": 50,
    "device": "cuda:0",
    "num_processes": 2
}