{
    "train_loss": [
        0.7858920693397522,
        0.6220113166740963,
        0.39524224613394054,
        0.24974902080638067,
        0.1140767868076052,
        0.05350419932178089,
        0.009509108561490263,
        0.006371774999674277,
        0.0006280924156141866,
        0.0021683072201475234,
        0.007266748844163625,
        0.0003726716251029367,
        0.014502092738569314,
        0.02314878737836677,
        0.00033415939833503217,
        0.007607930643903923,
        0.000653785118889313,
        0.0014117568279224152,
        0.04304784663327155,
        0.03416896120039122,
        0.00042622910775337786,
        0.0017473273322009067,
        0.0005426126510558658,
        0.0030165802330819652,
        7.524046798477815e-05,
        0.00010525135504784495,
        7.542287403339287e-05,
        0.0002515037568368176,
        0.0003754012354225519,
        3.4828056901200656e-05,
        1.7010080260401344e-05,
        0.00020992301341493658,
        1.756463997740606e-05,
        0.0002950514190688734,
        0.0006306981627273801,
        1.1962720918745617e-05,
        5.930442992101754e-05,
        8.797506195281e-06,
        0.00011107230748815969,
        1.0191745218435244e-05,
        0.0004174076130019395,
        0.0002497175757655766,
        0.001535873015492533,
        6.816382714142881e-05,
        0.00021307245266046136,
        7.735201234027045e-05,
        4.1421382608827374e-05,
        3.2661975459242445e-05,
        0.00014503504074322597,
        1.2088454630949335e-05
    ],
    "val_acc": [
        0.65,
        0.5625,
        0.5625,
        0.6,
        0.55,
        0.5,
        0.575,
        0.5125,
        0.5375,
        0.6375,
        0.675,
        0.4875,
        0.4875,
        0.5375,
        0.6375,
        0.6,
        0.5,
        0.5875,
        0.525,
        0.475,
        0.4875,
        0.55,
        0.6625,
        0.6875,
        0.6875,
        0.65,
        0.5875,
        0.575,
        0.55,
        0.5,
        0.475,
        0.475,
        0.5,
        0.525,
        0.5625,
        0.5875,
        0.6,
        0.5375,
        0.5375,
        0.5375,
        0.5375,
        0.5375,
        0.575,
        0.5875,
        0.5375,
        0.55,
        0.5375,
        0.5375,
        0.5375,
        0.5375
    ],
    "val_loss": [
        1.3682486534118652,
        1.455927276611328,
        1.5175259590148926,
        2.094319534301758,
        2.3304805755615234,
        3.1363563537597656,
        5.777644348144531,
        5.417803192138672,
        5.353110122680664,
        6.16547966003418,
        6.457439422607422,
        6.581312561035157,
        6.7790473937988285,
        6.45269775390625,
        7.321678924560547,
        6.313703918457032,
        6.194484710693359,
        6.102949905395508,
        6.34368896484375,
        6.392748260498047,
        6.833876037597657,
        6.980563354492188,
        7.07606201171875,
        8.24039306640625,
        7.63824234008789,
        6.833484649658203,
        6.614842224121094,
        6.615605163574219,
        6.758293151855469,
        6.751225280761719,
        7.006336975097656,
        7.168778991699218,
        7.249723052978515,
        7.417788696289063,
        7.397042846679687,
        7.310110473632813,
        7.082146453857422,
        7.184112548828125,
        7.139117431640625,
        7.128050994873047,
        7.238132476806641,
        7.146207427978515,
        7.108537292480468,
        6.964224243164063,
        6.995843505859375,
        7.0425971984863285,
        7.1728759765625,
        7.20361328125,
        7.2086631774902346,
        7.210786437988281
    ],
    "learning_rate": [
        0.0001,
        9.990133642141359e-05,
        9.96057350657239e-05,
        9.911436253643444e-05,
        9.842915805643155e-05,
        9.755282581475769e-05,
        9.648882429441257e-05,
        9.524135262330098e-05,
        9.381533400219317e-05,
        9.221639627510075e-05,
        9.045084971874735e-05,
        8.852566213878945e-05,
        8.644843137107056e-05,
        8.422735529643442e-05,
        8.187119948743447e-05,
        7.938926261462366e-05,
        7.679133974894982e-05,
        7.408768370508575e-05,
        7.128896457825361e-05,
        6.840622763423389e-05,
        6.545084971874736e-05,
        6.243449435824272e-05,
        5.9369065729286224e-05,
        5.626666167821521e-05,
        5.3139525976465657e-05,
        4.999999999999998e-05,
        4.6860474023534314e-05,
        4.3733338321784775e-05,
        4.063093427071375e-05,
        3.756550564175724e-05,
        3.454915028125263e-05,
        3.1593772365766105e-05,
        2.8711035421746357e-05,
        2.591231629491422e-05,
        2.3208660251050148e-05,
        2.061073738537634e-05,
        1.8128800512565503e-05,
        1.5772644703565555e-05,
        1.3551568628929426e-05,
        1.1474337861210536e-05,
        9.549150281252626e-06,
        7.783603724899252e-06,
        6.184665997806817e-06,
        4.75864737669903e-06,
        3.5111757055874303e-06,
        2.4471741852423216e-06,
        1.5708419435684504e-06,
        8.856374635655631e-07,
        3.942649342761114e-07,
        9.866357858642197e-08
    ]
}