{
    "train_loss": [
        0.8017829219500224,
        0.7450742065906525,
        0.7100709696610769,
        0.7004651427268982,
        0.7438036541144053,
        0.6455487449963887,
        0.7506819526354472,
        0.6851506193478902,
        0.6627658903598785,
        0.54866870145003,
        0.5868303994337718,
        0.5585367182890574,
        0.5853126307328542,
        0.6081941316525141,
        0.5186367263396581,
        0.6234652201334635,
        0.5265878508488337
    ],
    "val_acc": [
        0.5972222222222222,
        0.4166666666666667,
        0.4305555555555556,
        0.4583333333333333,
        0.5555555555555556,
        0.5833333333333334,
        0.6527777777777778,
        0.5694444444444444,
        0.5833333333333334,
        0.5277777777777778,
        0.5833333333333334,
        0.6111111111111112,
        0.5416666666666666,
        0.6388888888888888,
        0.6111111111111112,
        0.5833333333333334,
        0.5277777777777778
    ],
    "val_loss": [
        1.3414866129557292,
        1.464291466606988,
        1.5128469467163086,
        1.4755374060736761,
        1.3883998658921983,
        1.3579805162217882,
        1.3046285841200087,
        1.372904035780165,
        1.451050016615126,
        1.665127436319987,
        1.3712452782524958,
        1.3271202511257596,
        1.4802142249213324,
        1.3127359814114041,
        1.3866155412462022,
        1.5239677429199219,
        1.509979036119249
    ],
    "learning_rate": [
        0.0001,
        9.938441702975689e-05,
        9.755282581475769e-05,
        9.45503262094184e-05,
        9.045084971874738e-05,
        8.535533905932738e-05,
        7.938926261462366e-05,
        7.269952498697734e-05,
        6.545084971874738e-05,
        5.782172325201156e-05,
        5.000000000000001e-05,
        4.217827674798848e-05,
        3.454915028125264e-05,
        2.730047501302267e-05,
        2.0610737385376356e-05,
        1.464466094067263e-05,
        9.549150281252635e-06
    ]
}