{
    "train_loss": [
        0.807071176442233,
        0.6599901101805947,
        0.5476244511929426,
        0.5768466889858246,
        0.6021620522845875,
        0.5360080139203505,
        0.46635236929763446,
        0.5114706537940286,
        0.39629803191531787,
        0.3171509741382165,
        0.3719253025271676,
        0.2617661729454994,
        0.219551920382814,
        0.4500442888926376,
        0.28118440559641883,
        0.16150549104945225,
        0.048934663709422406,
        0.26669171736152336,
        0.29584352498006244,
        0.17321252131527712,
        0.1620577673152597,
        0.0980945553059097,
        0.04669781518697908,
        0.0082407185876615,
        0.02998603633816608,
        0.005052453209249175,
        0.02050540277063688,
        0.01848817017625234,
        0.03625489735449347,
        0.0007500321285492232,
        0.0006157936510465912,
        0.0024759681081460176,
        0.00047984225660581035,
        0.0026410323283595394,
        0.019704145207883397,
        0.0008974582102713281,
        0.0021791879125058504,
        0.0009463652905568862,
        0.0017665710946113738,
        6.046794245858936e-05,
        0.00013003988153121264,
        0.00015112657729332568,
        0.0001356373168164282,
        0.00048207727666687623,
        0.00033888783218571916,
        0.0002782086964791895,
        0.00028096735828016375,
        0.00039033737034928475,
        0.00019307886478517585,
        0.00017737667241652326
    ],
    "val_acc": [
        0.375,
        0.625,
        0.625,
        0.625,
        0.625,
        0.46875,
        0.375,
        0.59375,
        0.625,
        0.625,
        0.625,
        0.625,
        0.375,
        0.625,
        0.53125,
        0.625,
        0.375,
        0.59375,
        0.46875,
        0.625,
        0.4375,
        0.6875,
        0.59375,
        0.4375,
        0.625,
        0.625,
        0.46875,
        0.53125,
        0.625,
        0.625,
        0.625,
        0.53125,
        0.59375,
        0.5,
        0.5625,
        0.5,
        0.625,
        0.53125,
        0.46875,
        0.5,
        0.53125,
        0.59375,
        0.59375,
        0.625,
        0.625,
        0.59375,
        0.59375,
        0.625,
        0.59375,
        0.59375
    ],
    "val_loss": [
        7.733785629272461,
        43.95139694213867,
        12.754110336303711,
        3.644608974456787,
        69.19375610351562,
        2.3743629455566406,
        3.019902229309082,
        1.5213267803192139,
        4.174914360046387,
        26.886756896972656,
        4.054688930511475,
        15.918190002441406,
        25.137981414794922,
        2.741196393966675,
        3.018625020980835,
        5.27358341217041,
        10.213247299194336,
        7.184416770935059,
        7.126132965087891,
        8.746554374694824,
        2.924525260925293,
        3.3734798431396484,
        4.519974231719971,
        4.445011138916016,
        6.912906646728516,
        9.313911437988281,
        6.188429355621338,
        7.261462211608887,
        5.808900833129883,
        9.137781143188477,
        10.39468765258789,
        5.688119888305664,
        5.284058570861816,
        4.465816497802734,
        4.789297103881836,
        4.912859916687012,
        5.974201202392578,
        5.563714504241943,
        5.258282661437988,
        5.100543975830078,
        5.093477249145508,
        5.294475555419922,
        5.2714715003967285,
        5.652507781982422,
        5.804240703582764,
        5.368999481201172,
        5.286347389221191,
        5.547477722167969,
        5.37370491027832,
        5.487441539764404
    ],
    "learning_rate": [
        0.001,
        0.0009990133642141358,
        0.000996057350657239,
        0.0009911436253643444,
        0.0009842915805643156,
        0.0009755282581475769,
        0.0009648882429441258,
        0.0009524135262330099,
        0.0009381533400219318,
        0.0009221639627510075,
        0.0009045084971874736,
        0.0008852566213878945,
        0.0008644843137107056,
        0.0008422735529643443,
        0.0008187119948743448,
        0.0007938926261462366,
        0.0007679133974894982,
        0.0007408768370508576,
        0.0007128896457825362,
        0.0006840622763423389,
        0.0006545084971874735,
        0.0006243449435824271,
        0.0005936906572928622,
        0.000562666616782152,
        0.0005313952597646566,
        0.0004999999999999998,
        0.00046860474023534314,
        0.00043733338321784774,
        0.00040630934270713756,
        0.00037565505641757246,
        0.00034549150281252633,
        0.00031593772365766105,
        0.00028711035421746355,
        0.0002591231629491422,
        0.00023208660251050145,
        0.00020610737385376337,
        0.00018128800512565502,
        0.00015772644703565555,
        0.00013551568628929425,
        0.00011474337861210535,
        9.549150281252626e-05,
        7.783603724899252e-05,
        6.184665997806817e-05,
        4.7586473766990294e-05,
        3.5111757055874305e-05,
        2.4471741852423218e-05,
        1.5708419435684507e-05,
        8.856374635655634e-06,
        3.942649342761115e-06,
        9.866357858642198e-07
    ]
}